,gdp,population,gdp per capita
korea,16932000,5180,3268.7258687258686
japan,51670000,12718,4062.745714735021
china,1409250000,141500,9959.363957597174
usa,2041280000,32676,62470.31460399069
